{
	"powers": [
        "mushorg:fire_breath",
		"mushorg:dragon_scale",
		"origins:elytra",
		"mushorg:flap",
		"mushorg:geonivore",
		"mushorg:unaccustomed_legs",
		"mushorg:coal_powered",
		"mushorg:awkward_swimmer",
		"mushorg:alchemy_resistance",
		"origins:carnivore",
		"origins:more_exhaustion",
		"mushorg:end_borne"
	],
	"icon": {
		"item": "minecraft:dragon_egg"
	},
	"order": 7,
	"impact": 3,
	"name": "Dragon",
	"description": "A dark and magnificent creature that sours above others"
}