{
	"powers": [
		"mushorg:deep_glow",
		"mushorg:squid_movement",
		"mushorg:inky_escape",
        "mushorg:camouflage",
		"mushorg:depth_breather",
		"origins:aqua_affinity",
		"origins:like_water",
		"mushorg:deep_water",
		"mushorg:deep_water_overlay",
		"mushorg:swift_swim",
		"origins:carnivore",
		"mushorg:gel_flesh",
		"mushorg:gel_dry",
		"mushorg:translucent",
        "mushorg:aura"
	],
	"icon": {
		"item": "minecraft:glow_ink_sac"
	},
	"order": 8,
	"impact": 2,
	"name": "Glow Squid",
	"description": "A slippery and quick creature of the sea"
}