{
	"type": "origins:multiple",
    "toggle": {
		"type": "origins:toggle",
		"active_by_default": false,
		"key": {
			"key": "key.origins.primary_active",
			"continuous": false
		},
		"retain_state": false,
		"condition": {
			"type": "origins:power_active",
			"power": "mushorg:deep_water"
		}
	},
    "invisibility": {
        "type": "origins:invisibility",
        "render_armor": false,
        "condition": {
            "type": "origins:power_active",
            "power": "*:*_toggle"
        }
    },
	"name": "Camouflage",
	"description": "When in deep water, blend in with your environment."
}