{
	"type": "origins:multiple",
	"active":	{
		"type": "origins:active_self",
		"entity_action": {
			"type": "origins:and",
			"actions": [
				{
					"type": "origins:equipped_item_action",
					"equipment_slot": "mainhand",
					"action": {
						"type": "origins:consume",
						"amount": 1
					}
				},
				{
				"type": "origins:change_resource",
				"resource": "*:*_resource",
				"change": 1
				},
				{
				"type": "origins:play_sound",
				"sound": "entity.generic.eat",
				"volume": 0.5
				}
			]
		},
		"cooldown": 5,
		"hud_render": {
			"should_render": false
		},
		"key": {
			"key": "key.use",
			"continuous": true
		},
		"condition": {
			"type": "origins:and",
			"conditions": [
				{
					"type": "origins:equipped_item",
					"equipment_slot": "mainhand",
					"item_condition": {
						"type": "origins:ingredient",
						"ingredient": {
							"item": "minecraft:coal"
						}
					}						
				},
				{      
					"type": "origins:resource",
					"resource": "*:*_resource",
					"comparison": "LESS_THAN",
					"compare_to": 10
				}
			]
		}
	},
	"resource":	{
		"type": "origins:resource",
		"min": 0,
		"max": 10,
		"hud_render": {
			"sprite_location": "origins:textures/gui/community/huang/resource_bar_02.png",
			"bar_index": 15
		},
		"max_action":	{
			"type": "origins:play_sound",
			"sound": "minecraft:entity.ender_dragon.shoot",
			"volume": 0.5
		}
	},
	"hidden": true
}