{
    "type": "origins:entity_glow",
    "bientity_condition": {
        "type": "origins:and",
        "conditions": [
            {
                "type": "origins:target_condition",
				"condition": {
					"type": "origins:submerged_in",
					"fluid": "minecraft:water"
				}
            },
            {
                "type": "origins:actor_condition",
				"condition": {
					"type": "origins:power_active",
					"power": "mushorg:deep_water"
				}
			}
        ]
    },
	"name": "Deep Glow",
	"description": "While in deep water, gain greater vision on others who are in water"
}