{
	"type": "origins:simple",
	"condition": {
		"type": "origins:and",
		"conditions": [
			{
				"type": "origins:submerged_in",
				"fluid": "minecraft:water"
			},
			{
				"type": "origins:in_block",
					"block_condition": {
						"type": "origins:offset",
						"condition": {
							"type": "origins:fluid",
							"fluid_condition": {
								"type": "origins:in_tag",
								"tag": "minecraft:water"
							}
						},
						"y": 8
					}
			},
			{
				"type": "origins:in_block",
					"block_condition": {
						"type": "origins:offset",
						"condition": {
							"type": "origins:fluid",
							"fluid_condition": {
								"type": "origins:in_tag",
								"tag": "minecraft:water"
							}
						},
						"y": 5
					}
			},
			{
				"type": "origins:in_block",
					"block_condition": {
						"type": "origins:offset",
						"condition": {
							"type": "origins:fluid",
							"fluid_condition": {
								"type": "origins:in_tag",
								"tag": "minecraft:water"
							}
						},
						"y": 3
					}
			}
		]
	},
	"hidden": true
}