{
	"type": "origins:action_over_time",
	"entity_action": {
		"type": "origins:apply_effect",
		"effect": {
			"effect": "minecraft:water_breathing",
			"duration": 9999
		}
	},
	"falling_action": {
		"type": "origins:clear_effect",
		"effect": "minecraft:water_breathing",
        "show_particles": true
	},
	"condition": {
			"type": "origins:power_active",
			"power": "mushorg:deep_water"
	},
	"interval": 20,
	"name": "Depth Breathing",
	"description": "In deep water, gain water breathing."
}