{
  "type": "origins:multiple",
  "modify_size": {
	"type": "extraorigins:modify_size",
	"scale": 1.5
  },
  "attribute_modifiers": {
	"type": "origins:attribute",
	"modifiers": [
	  {
		"name": "Origin modifier",
		"attribute": "minecraft:generic.max_health",
		"operation": "addition",
		"value": 8
	  },
	  {
		"name": "Origin modifier",
		"attribute": "minecraft:generic.attack_speed",
		"operation": "addition",
		"value": -0.5
	  },
	  {
		"name": "Origin modifier",
		"attribute": "minecraft:generic.movement_speed",
		"operation": "addition",
		"value": 0.015
	  }
	]
  },
  "air_speed":	{
	  "type": "origins:modify_air_speed",
	"modifier": {
		"operation": "multiply_total",
		"value": 0.5
	}
  },
  "name": "Dragon's Size",
  "description": "Your are significantly taller than normal humans and are also more durable."
}