{
    "type": "origins:active_self",
	"entity_action": {
		"type": "origins:raycast",
		"distance": 8,
		"block": true,
		"entity": true,
		"shape_type": "visual",
		"fluid_handling": "any",
		"bientity_action": {
				"type": "origins:target_action",
				"action": {
					"type": "origins:and",
						"actions": [
							{
								"type": "origins:set_on_fire",
								"duration": 5
							},
							{    
								"type": "origins:damage",
								"amount": 4,
								"source": {
									"name": "onFire",
									"fire": true,
									"bypasses_armor": false
								}
							}
						]
				}
		},	
		"hit_action": {
			"type": "origins:and",
			"actions": [
				{
					"type": "origins:play_sound",
					"sound": "entity.ender_dragon.growl",
					"volume": 0.5
				},
				{
				
					"type": "origins:change_resource",
					"resource": "mushorg:coal_powered_resource",
					"change": -1
				}
			]		
		},
		"miss_action": {
			"type": "origins:play_sound",
			"sound": "entity.ender_dragon.hurt",
			"volume": 0.5
		},
		"command_at_hit": "particle minecraft:dragon_breath ~ ~ ~ 1 1 1 0.0 12 normal",
		"command_along_ray": "particle minecraft:dragon_breath ~ ~ ~ 0.5 0.5 0.5 0.0 6 normal",
		"command_step": 0.5,
		"command_along_ray_only_on_hit": true
	},
    "cooldown": 40,
    "hud_render": {
        "should_render": false
    },
	"condition":	{
		"type": "origins:resource",
		"resource": "mushorg:coal_powered_resource",
		"comparison": "GREATER_THAN",
		"compare_to": 0
	},
	"name": "Fire Breath",
	"description": "Breathe in coal, breathe out fire."
}	