{
	"type": "origins:action_over_time",
	"entity_action": {
		"type": "origins:apply_effect",
		"effect": {
			"effect": "minecraft:weakness",
			"duration": 99999,
			"amplifier": 1
		}
	},
	"falling_action": {
		"type": "origins:clear_effect",
		"effect": "minecraft:weakness"
	},
	"condition": {
			"type": "origins:submerged_in",
			"fluid": "minecraft:water",
			"inverted": true
	},
	"interval": 20,
	"name": "Drying Flesh",
	"description": "When outside of water, become weaker."
}