{
  "type": "origins:multiple",
  "iron":	{
		"type": "origins:active_self",
		"entity_action": {
			"type": "origins:if_else_list",
			"actions": [
				{
					"condition": {
						"type": "origins:saturation_level",
						"comparison": "==",
						"compare_to": 0
					},
					"action": {
						"type": "origins:and",
						"actions": [
							{
								"type": "origins:equipped_item_action",
								"equipment_slot": "offhand",
								"action": {
									"type": "origins:consume",
									"amount": 1
								}
							},
							{
								"type": "origins:apply_effect",
								"effect": {
									"effect": "minecraft:resistance",
									"duration": 200,
									"amplifier": 0,
									"is_ambient": true,
									"show_particles": true,
									"show_icon": true
								}
							},
							{
								"type": "origins:feed",
								"food": 4,
								"saturation": 2.4
							}
						]
					}
				},
				{
					"condition": {
						"type": "origins:saturation_level",
						"comparison": "GREATER_THAN",
						"compare_to": 0
					},
					"action": {
						"type": "origins:and",
						"actions": [
							{
								"type": "origins:equipped_item_action",
								"equipment_slot": "offhand",
								"action": {
									"type": "origins:consume",
									"amount": 1
								}
							},
							{
								"type": "origins:apply_effect",
								"effect": {
									"effect": "minecraft:resistance",
									"duration": 200,
									"amplifier": 0,
									"is_ambient": true,
									"show_particles": true,
									"show_icon": true
								}
							},
							{
								"type": "origins:feed",
								"food": 4,
								"saturation": 0
							}
						]
					}
				}
			]
		},
		"cooldown": 10,
		"hud_render": {
			"should_render": false
		},
		"key": {
			"key": "key.use",
			"continuous": true
		},
		"condition": {
			"type": "origins:equipped_item",
			"equipment_slot": "offhand",
			"item_condition": {
				"type": "origins:ingredient",
				"ingredient": {
					"item": "minecraft:iron_ingot"
				}
			}
		}
	},
	 "redstone":	{
		"type": "origins:active_self",
		"entity_action": {
			"type": "origins:if_else_list",
			"actions": [
				{
					"condition": {
						"type": "origins:saturation_level",
						"comparison": "==",
						"compare_to": 0
					},
					"action": {
						"type": "origins:and",
						"actions": [
							{
								"type": "origins:equipped_item_action",
								"equipment_slot": "offhand",
								"action": {
									"type": "origins:consume",
									"amount": 1
								}
							},
							{
								"type": "origins:apply_effect",
								"effect": {
									"effect": "minecraft:speed",
									"duration": 200,
									"amplifier": 0,
									"is_ambient": true,
									"show_particles": true,
									"show_icon": true
								}
							},
							{
								"type": "origins:feed",
								"food": 1,
								"saturation": 1
							}
						]
					}
				},
				{
					"condition": {
						"type": "origins:saturation_level",
						"comparison": "GREATER_THAN",
						"compare_to": 0
					},
					"action": {
						"type": "origins:and",
						"actions": [
							{
								"type": "origins:equipped_item_action",
								"equipment_slot": "offhand",
								"action": {
									"type": "origins:consume",
									"amount": 1
								}
							},
							{
								"type": "origins:apply_effect",
								"effect": {
									"effect": "minecraft:speed",
									"duration": 200,
									"amplifier": 0,
									"is_ambient": true,
									"show_particles": true,
									"show_icon": true
								}
							},
							{
								"type": "origins:feed",
								"food": 1,
								"saturation": 0
							}
						]
					}
				}
			]
		},
		"cooldown": 10,
		"hud_render": {
			"should_render": false
		},
		"key": {
			"key": "key.use",
			"continuous": true
		},
		"condition": {
			"type": "origins:equipped_item",
			"equipment_slot": "offhand",
			"item_condition": {
				"type": "origins:ingredient",
				"ingredient": {
					"item": "minecraft:redstone"
				}
			}
		}
	},
	 "copper":	{
		"type": "origins:active_self",
		"entity_action": {
			"type": "origins:if_else_list",
			"actions": [
				{
					"condition": {
						"type": "origins:saturation_level",
						"comparison": "==",
						"compare_to": 0
					},
					"action": {
						"type": "origins:and",
						"actions": [
							{
								"type": "origins:equipped_item_action",
								"equipment_slot": "offhand",
								"action": {
									"type": "origins:consume",
									"amount": 1
								}
							},
							{
								"type": "origins:apply_effect",
								"effect": {
									"effect": "minecraft:jump_boost",
									"duration": 300,
									"amplifier": 0,
									"is_ambient": true,
									"show_particles": true,
									"show_icon": true
								}
							},
							{
								"type": "origins:feed",
								"food": 4,
								"saturation": 2.4
							}
						]
					}
				},
				{
					"condition": {
						"type": "origins:saturation_level",
						"comparison": "GREATER_THAN",
						"compare_to": 0
					},
					"action": {
						"type": "origins:and",
						"actions": [
							{
								"type": "origins:equipped_item_action",
								"equipment_slot": "offhand",
								"action": {
									"type": "origins:consume",
									"amount": 1
								}
							},
							{
								"type": "origins:apply_effect",
								"effect": {
									"effect": "minecraft:jump_boost",
									"duration": 300,
									"amplifier": 0,
									"is_ambient": true,
									"show_particles": true,
									"show_icon": true
								}
							},
							{
								"type": "origins:feed",
								"food": 4,
								"saturation": 0
							}
						]
					}
				}
			]
		},
		"cooldown": 10,
		"hud_render": {
			"should_render": false
		},
		"key": {
			"key": "key.use",
			"continuous": true
		},
		"condition": {
			"type": "origins:equipped_item",
			"equipment_slot": "offhand",
			"item_condition": {
				"type": "origins:ingredient",
				"ingredient": {
					"item": "minecraft:copper_ingot"
				}
			}
		}
	},
	"lapis":	{
		"type": "origins:active_self",
		"entity_action": {
			"type": "origins:if_else_list",
			"actions": [
				{
					"condition": {
						"type": "origins:saturation_level",
						"comparison": "==",
						"compare_to": 0
					},
					"action": {
						"type": "origins:and",
						"actions": [
							{
								"type": "origins:equipped_item_action",
								"equipment_slot": "offhand",
								"action": {
									"type": "origins:consume",
									"amount": 1
								}
							},
							{
								"type": "origins:apply_effect",
								"effect": {
									"effect": "minecraft:luck",
									"duration": 1200,
									"amplifier": 0,
									"is_ambient": true,
									"show_particles": true,
									"show_icon": true
								}
							},
							{
								"type": "origins:feed",
								"food": 1,
								"saturation": 1
							}
						]
					}
				},
				{
					"condition": {
						"type": "origins:saturation_level",
						"comparison": "GREATER_THAN",
						"compare_to": 0
					},
					"action": {
						"type": "origins:and",
						"actions": [
							{
								"type": "origins:equipped_item_action",
								"equipment_slot": "offhand",
								"action": {
									"type": "origins:consume",
									"amount": 1
								}
							},
							{
								"type": "origins:apply_effect",
								"effect": {
									"effect": "minecraft:luck",
									"duration": 1200,
									"amplifier": 0,
									"is_ambient": true,
									"show_particles": true,
									"show_icon": true
								}
							},
							{
								"type": "origins:feed",
								"food": 1,
								"saturation": 0
							}
						]
					}
				}
			]
		},
		"cooldown": 10,
		"hud_render": {
			"should_render": false
		},
		"key": {
			"key": "key.use",
			"continuous": true
		},
		"condition": {
			"type": "origins:equipped_item",
			"equipment_slot": "offhand",
			"item_condition": {
				"type": "origins:ingredient",
				"ingredient": {
					"item": "minecraft:lapis_lazuli"
				}
			}
		}
	},
	"gold":	{
		"type": "origins:active_self",
		"entity_action": {
			"type": "origins:if_else_list",
			"actions": [
				{
					"condition": {
						"type": "origins:saturation_level",
						"comparison": "==",
						"compare_to": 0
					},
					"action": {
						"type": "origins:and",
						"actions": [
							{
								"type": "origins:equipped_item_action",
								"equipment_slot": "offhand",
								"action": {
									"type": "origins:consume",
									"amount": 1
								}
							},
							{
								"type": "origins:apply_effect",
								"effect": {
									"effect": "minecraft:haste",
									"duration": 600,
									"amplifier": 0,
									"is_ambient": true,
									"show_particles": true,
									"show_icon": true
								}
							},
							{
								"type": "origins:apply_effect",
								"effect": {
									"effect": "minecraft:regeneration",
									"duration": 200,
									"amplifier": 0,
									"is_ambient": true,
									"show_particles": true,
									"show_icon": true
								}
							},
							{
								"type": "origins:feed",
								"food": 4,
								"saturation": 3.6
							}
						]
					}
				},
				{
					"condition": {
						"type": "origins:saturation_level",
						"comparison": "GREATER_THAN",
						"compare_to": 0
					},
					"action": {
						"type": "origins:and",
						"actions": [
							{
								"type": "origins:equipped_item_action",
								"equipment_slot": "offhand",
								"action": {
									"type": "origins:consume",
									"amount": 1
								}
							},
							{
								"type": "origins:apply_effect",
								"effect": {
									"effect": "minecraft:haste",
									"duration": 600,
									"amplifier": 0,
									"is_ambient": true,
									"show_particles": true,
									"show_icon": true
								}
							},
							{
								"type": "origins:apply_effect",
								"effect": {
									"effect": "minecraft:regeneration",
									"duration": 200,
									"amplifier": 0,
									"is_ambient": true,
									"show_particles": true,
									"show_icon": true
								}
							},
							{
								"type": "origins:feed",
								"food": 4,
								"saturation": 0
							}
						]
					}
				}
			]
		},
		"cooldown": 10,
		"hud_render": {
			"should_render": false
		},
		"key": {
			"key": "key.use",
			"continuous": true
		},
		"condition": {
			"type": "origins:equipped_item",
			"equipment_slot": "offhand",
			"item_condition": {
				"type": "origins:ingredient",
				"ingredient": {
					"item": "minecraft:gold_ingot"
				}
			}
		}
	},
	"diamond":	{
		"type": "origins:active_self",
		"entity_action": {
			"type": "origins:if_else_list",
			"actions": [
				{
					"condition": {
						"type": "origins:saturation_level",
						"comparison": "==",
						"compare_to": 0
					},
					"action": {
					"type": "origins:and",
						"actions": [
							{
								"type": "origins:equipped_item_action",
								"equipment_slot": "offhand",
								"action": {
									"type": "origins:consume",
									"amount": 1
								}
							},
							{
								"type": "origins:apply_effect",
								"effect": {
									"effect": "minecraft:regeneration",
									"duration": 600,
									"amplifier": 1,
									"is_ambient": true,
									"show_particles": true,
									"show_icon": true
								}
							},
							{
								"type": "origins:apply_effect",
								"effect": {
									"effect": "minecraft:absorption",
									"duration": 2400,
									"amplifier": 1,
									"is_ambient": true,
									"show_particles": true,
									"show_icon": true
								}
							},
							{
								"type": "origins:feed",
								"food": 6,
								"saturation": 3.6
							}
						]
					}
				},
				{
					"condition": {
						"type": "origins:saturation_level",
						"comparison": "GREATER_THAN",
						"compare_to": 0
					},
					"action": {
						"type": "origins:and",
							"actions": [
							{
								"type": "origins:equipped_item_action",
								"equipment_slot": "offhand",
								"action": {
									"type": "origins:consume",
									"amount": 1
								}
							},
							{
								"type": "origins:apply_effect",
								"effect": {
									"effect": "minecraft:regeneration",
									"duration": 600,
									"amplifier": 1,
									"is_ambient": true,
									"show_particles": true,
									"show_icon": true
								}
							},
							{
								"type": "origins:apply_effect",
								"effect": {
									"effect": "minecraft:absorption",
									"duration": 2400,
									"amplifier": 1,
									"is_ambient": true,
									"show_particles": true,
									"show_icon": true
								}
							},
							{
								"type": "origins:feed",
								"food": 6,
								"saturation": 0
							}
						]
					}
				}
			]
		},
		"cooldown": 10,
		"hud_render": {
			"should_render": false
		},
		"key": {
			"key": "key.use",
			"continuous": true
		},
		"condition": {
			"type": "origins:equipped_item",
			"equipment_slot": "offhand",
			"item_condition": {
				"type": "origins:ingredient",
				"ingredient": {
					"item": "minecraft:diamond"
				}
			}
		}
	},
	"netherite":	{
		"type": "origins:active_self",
		"entity_action": {
			"type": "origins:if_else_list",
			"actions": [
				{
					"condition": {
						"type": "origins:saturation_level",
						"comparison": "==",
						"compare_to": 0
					},
					"action": {
						"type": "origins:and",
						"actions": [
							{
								"type": "origins:equipped_item_action",
								"equipment_slot": "offhand",
								"action": {
									"type": "origins:consume",
									"amount": 1
								}
							},
							{
								"type": "origins:apply_effect",
								"effect": {
									"effect": "minecraft:resistance",
									"duration": 1200,
									"amplifier": 1,
									"is_ambient": true,
									"show_particles": true,
									"show_icon": true
								}
							},
							{
								"type": "origins:apply_effect",
								"effect": {
									"effect": "minecraft:regeneration",
									"duration": 1200,
									"amplifier": 3,
									"is_ambient": true,
									"show_particles": true,
									"show_icon": true
								}
							},
							{
								"type": "origins:apply_effect",
								"effect": {
									"effect": "minecraft:absorption",
									"duration": 2400,
									"amplifier": 3,
									"is_ambient": true,
									"show_particles": true,
									"show_icon": true
								}
							},
							{
								"type": "origins:apply_effect",
								"effect": {
									"effect": "minecraft:strength",
									"duration": 600,
									"amplifier": 1,
									"is_ambient": true,
									"show_particles": true,
									"show_icon": true
								}
							},
							{
								"type": "origins:feed",
								"food": 8,
								"saturation": 12.4
							}
						]
					}
				},
				{
					"condition": {
						"type": "origins:saturation_level",
						"comparison": "GREATER_THAN",
						"compare_to": 0
					},
					"action": {
						"type": "origins:and",
						"actions": [
							{
								"type": "origins:equipped_item_action",
								"equipment_slot": "offhand",
								"action": {
									"type": "origins:consume",
									"amount": 1
								}
							},
							{
								"type": "origins:apply_effect",
								"effect": {
									"effect": "minecraft:resistance",
									"duration": 1200,
									"amplifier": 1,
									"is_ambient": true,
									"show_particles": true,
									"show_icon": true
								}
							},
							{
								"type": "origins:apply_effect",
								"effect": {
									"effect": "minecraft:regeneration",
									"duration": 1200,
									"amplifier": 3,
									"is_ambient": true,
									"show_particles": true,
									"show_icon": true
								}
							},
							{
								"type": "origins:apply_effect",
								"effect": {
									"effect": "minecraft:absorption",
									"duration": 2400,
									"amplifier": 3,
									"is_ambient": true,
									"show_particles": true,
									"show_icon": true
								}
							},
							{
								"type": "origins:apply_effect",
								"effect": {
									"effect": "minecraft:strength",
									"duration": 600,
									"amplifier": 1,
									"is_ambient": true,
									"show_particles": true,
									"show_icon": true
								}
							},
							{
								"type": "origins:feed",
								"food": 8,
								"saturation": 12.4
							}
						]
					}
				}
			]
		},
		"cooldown": 10,
		"hud_render": {
			"should_render": false
		},
		"key": {
			"key": "key.use",
			"continuous": true
		},
		"condition": {
			"type": "origins:equipped_item",
			"equipment_slot": "offhand",
			"item_condition": {
				"type": "origins:ingredient",
				"ingredient": {
					"item": "minecraft:netherite_ingot"
				}
			}
		}
	},
	"name": "Geonivore",
  "description": "Gain nourishment from ores."
}