{
    "type": "origins:action_when_hit",
	"name": "Inky Escape",
	"description": "When hit while in water, blinded your attacker with a plume of ink",
    "cooldown": 200,
	"bientity_action": {
        "type": "origins:and",
        "actions": [
            {
				"type": "origins:actor_action",
				"action": {
					"type": "origins:spawn_particles",
					"particle": "minecraft:glow_squid_ink",
					"count": 16,
					"speed": 0.0,
					"spread": {
						"x": 2.0,
						"y": 1.0,
						"z": 2.0
					},
					"offset-y": 1.0,
					"inverted": true
				}
			},
			{
                "type": "origins:actor_action",
				"action": {
						"type": "origins:change_resource",
					"resource": "*:*_counter",
					"change": 3,
					"operation": "set"
				}
			},
			{
                "type": "origins:target_action",
				"action": {
						"type": "origins:apply_effect",
					"effect": {
					"effect": "minecraft:blindness",
					"amplifier": 3,
					"duration": 5
					}
				}
			}
        ]
    },
	"condition": {
		"type": "origins:submerged_in",
		"fluid": "minecraft:water"
	}
}