{
	"type": "origins:multiple",
		"counter":	{
			"type": "origins:resource",
			"min": 0,
			"max": 4,
			"hud_render": {
				"should_render": true,
				"sprite_location": "origins:textures/gui/community/spiderkolo/resource_bar_01.png",
				"bar_index": 4
			},
			"max_action": {
				"type": "origins:change_resource",
				"resource": "*:*_counter",
				"change": 0,
				"operation": "set"
			}
		},
		"timer": {
			"type": "origins:action_over_time",
			"entity_action": {
				"type": "origins:if_else_list",
				"actions": [
					{
						"condition": {
							"type": "origins:power_active",
							"power": "mushorg:deep_water",
							"inverted": true
						},
						"action": {
							"type": "origins:change_resource",
							"resource": "*:*_counter",
							"change": 0,
							"operation": "set"
						}
					},
					{
						"condition": {
							"type": "origins:power_active",
							"power": "mushorg:deep_water"
						},
						"action": {
							"type": "origins:change_resource",
							"resource": "*:*_counter",
							"change": 1
						}
					}
				]
			},
			"interval": 10
		},
	"name": "Swim Burst",
	"description": "Gain bursts of speed when in deeper water."
}